{
  "NumOfInputNeurons": 6,
  "NumOfOutputNeurons": 3,
  "NumOfHiddenLayers": 3,
  "NumOfHiddenNeuronsPerLayer": [
    12,
    10,
    8
  ],
  "Weights": [
    {
      "Rows": 12,
      "Coloumns": 6,
      "Values": [
        [
          0.6975911103242789,
          -0.19338380826144924,
          -1.0503750032290369,
          0.596808185433455,
          -0.6718256959190276,
          0.8315286150030063
        ],
        [
          -0.6879346325979996,
          0.7096201528319139,
          0.11530118484355438,
          -0.07610697346317741,
          -0.45607025402467294,
          0.6927184015799731
        ],
        [
          0.8032758184259053,
          -0.6330918069133261,
          0.25186136999088304,
          0.32465425321318975,
          0.005043656649569961,
          -0.009476130207703774
        ],
        [
          -0.3749023883417886,
          0.7067837461495761,
          0.02680338248738085,
          -0.6735615262144705,
          -0.9397212117099291,
          0.10823340207472665
        ],
        [
          0.627958249041884,
          0.1062320048390629,
          -0.03052467441782794,
          0.30718553498774,
          -0.846939206691828,
          0.3643666738555663
        ],
        [
          -0.7157669866606131,
          0.8465330519368477,
          0.2173418860746752,
          -0.8781394895696679,
          -0.6600476076731209,
          -0.5376245696327064
        ],
        [
          -0.2189666949806625,
          -0.6472682453155336,
          0.7148320201360634,
          0.00680321530589767,
          -0.5241621760736432,
          0.015427592305049753
        ],
        [
          0.648780745339661,
          0.21766519099355852,
          -0.2302902483906693,
          0.11071670732663616,
          -0.717340651615261,
          -0.3243416572516491
        ],
        [
          0.5485240409925947,
          -0.04478831194067201,
          0.3421610525783243,
          0.07365251043462817,
          -0.6013955187517868,
          -0.3150537004977738
        ],
        [
          -0.4077511673381056,
          0.4574460114375869,
          0.9554388522154227,
          -0.9447177279014745,
          -0.3672502445314067,
          -0.11860312491260938
        ],
        [
          -0.881172159141594,
          0.0006770766060147648,
          -0.4647032032698265,
          0.05539320185869823,
          -0.9391316329994691,
          0.3129951831346105
        ],
        [
          1.2094124123468746,
          1.0865754118887274,
          0.4727509927342507,
          0.7546098085106251,
          -0.00867913002091214,
          -0.018650659187026263
        ]
      ]
    },
    {
      "Rows": 10,
      "Coloumns": 12,
      "Values": [
        [
          -0.4651657781043288,
          0.5600008209629506,
          -0.821678107886753,
          0.5161621368637657,
          0.05996661373463734,
          -0.21542693717098574,
          -0.7602581207953807,
          0.8758148822010599,
          0.3959410567332094,
          -0.02028106057298551,
          -0.31787363767661425,
          -0.30953943544930806
        ],
        [
          -0.5317544127135938,
          0.5369499618392304,
          -1.1772648054815311,
          0.2513162662984537,
          0.925342067470929,
          0.0010031988356655752,
          0.9484676004014432,
          -0.630631582214999,
          0.10315342393153541,
          0.4698313988136298,
          0.8100039621854136,
          -0.054324724695976524
        ],
        [
          0.10033094752521295,
          -0.9124738771255818,
          -0.8098591384171999,
          -0.11859407283915768,
          -0.6771089210674188,
          -0.36248985201701966,
          -0.6371540914412712,
          0.46345729047917983,
          -0.08867027047305703,
          0.8797684305935514,
          -0.3837069422298046,
          -0.2502075665059764
        ],
        [
          -0.9135879851753299,
          -0.7880306847233989,
          0.8658982069585527,
          0.5076001928909952,
          -0.35995404079810056,
          0.8129007153073999,
          0.6025220670808498,
          0.35019644507122044,
          0.6544721878500132,
          0.8449894648654612,
          -0.19633012106237788,
          1.1196326392425704
        ],
        [
          0.41765130247660226,
          0.7949601340246752,
          1.1211094308492078,
          0.09652466961114792,
          0.4157972898529238,
          -0.48095862810015966,
          0.23213237295865463,
          0.7309495810925739,
          -0.12170353404905843,
          -0.16143010147137504,
          -0.5827862016090405,
          1.3071159683882998
        ],
        [
          -0.5860399822444382,
          -0.7637566386643253,
          0.9718317173674419,
          0.6640064511706671,
          0.5440272310011669,
          -0.7912470658427124,
          0.3939583893501793,
          -0.2369727768992429,
          -0.6204036286215402,
          -0.34962247024404736,
          -1.063142721924962,
          -0.9535090810217182
        ],
        [
          -0.37727497177100666,
          0.7902400995773646,
          -1.2256049440596672,
          0.08327767458982915,
          0.905791645264277,
          0.9628748369982265,
          -0.22685921695275013,
          0.8211221684173711,
          0.748375774221642,
          1.0046826547815766,
          0.16301506967102952,
          0.7710487813747836
        ],
        [
          0.5672860847607035,
          0.9756539311301694,
          -1.1983183192466427,
          -0.9014984634599215,
          -0.34216017568306256,
          -0.11745627639067333,
          -0.8379459726048049,
          0.1320439844223502,
          -0.847221213431411,
          -0.9033815273180283,
          0.3107303962361375,
          -0.6285178648788059
        ],
        [
          -0.1205152129656093,
          -0.7326543738954076,
          0.21844886259583904,
          -0.7906705321041364,
          -0.30878563744348675,
          0.741965953093192,
          -0.5213186634993323,
          -0.041588256176744665,
          -0.31965915351826135,
          0.48477436603710145,
          -0.11015240840365559,
          -0.9122392850523986
        ],
        [
          0.3934022822415133,
          -0.47246756369369436,
          -0.9901395524605714,
          -0.48617708985155594,
          -0.5052806387578426,
          -0.6221880390260286,
          0.16292159854357058,
          0.44003082783568387,
          0.6009016158182447,
          -0.3278727283397691,
          0.07719681263280095,
          0.9629515412608228
        ]
      ]
    },
    {
      "Rows": 8,
      "Coloumns": 10,